Passage,Genre,Replicate,Question Type,Rating
1,Original,1,Ethical,6
1,Original,2,Ethical,6
1,Fable,1,Ethical,6
1,Fable,2,Ethical,6
2,Original,1,Ethical,4
2,Original,2,Ethical,4
2,Fable,1,Ethical,4
2,Fable,2,Ethical,4
3,Original,1,Ethical,5
3,Original,2,Ethical,5
3,Fable,1,Ethical,6
3,Fable,2,Ethical,5
4,Original,1,Ethical,5
4,Original,2,Ethical,5
4,Fable,1,Ethical,6
4,Fable,2,Ethical,6
5,Original,1,Ethical,3
5,Original,2,Ethical,3
5,Fable,1,Ethical,4
5,Fable,2,Ethical,4
6,Original,1,Ethical,2
6,Original,2,Ethical,2
6,Fable,1,Ethical,3
6,Fable,2,Ethical,3
7,Original,1,Ethical,3
7,Original,2,Ethical,3
7,Fable,1,Ethical,3
7,Fable,2,Ethical,3
8,Original,1,Ethical,4
8,Original,2,Ethical,4
8,Fable,1,Ethical,4
8,Fable,2,Ethical,4
9,Original,1,Ethical,5
9,Original,2,Ethical,5
9,Fable,1,Ethical,6
9,Fable,2,Ethical,6
10,Original,1,Ethical,3
10,Original,2,Ethical,2
10,Fable,1,Ethical,5
10,Fable,2,Ethical,5
11,Original,1,Ethical,4
11,Original,2,Ethical,4
11,Fable,1,Ethical,5
11,Fable,2,Ethical,5
12,Original,1,Ethical,5
12,Original,2,Ethical,5
12,Fable,1,Ethical,5
12,Fable,2,Ethical,5
13,Original,1,Ethical,5
13,Original,2,Ethical,5
13,Fable,1,Ethical,5
13,Fable,2,Ethical,5
14,Original,1,Ethical,2
14,Original,2,Ethical,2
14,Fable,1,Ethical,3
14,Fable,2,Ethical,3
15,Original,1,Ethical,3
15,Original,2,Ethical,3
15,Fable,1,Ethical,3
15,Fable,2,Ethical,3
16,Original,1,Ethical,4
16,Original,2,Ethical,4
16,Fable,1,Ethical,4
16,Fable,2,Ethical,4
17,Original,1,Ethical,5
17,Original,2,Ethical,5
17,Fable,1,Ethical,5
17,Fable,2,Ethical,5
18,Original,1,Ethical,4
18,Original,2,Ethical,4
18,Fable,1,Ethical,3
18,Fable,2,Ethical,4
19,Original,1,Ethical,2
19,Original,2,Ethical,2
19,Fable,1,Ethical,2
19,Fable,2,Ethical,2
20,Original,1,Ethical,2
20,Original,2,Ethical,2
20,Fable,1,Ethical,2
20,Fable,2,Ethical,2