question,sample,version,mean,n
agreement,1,fable,4.6,20
agreement,1,original,4.45,20
agreement,2,fable,3.7,20
agreement,2,original,4.05,20
agreement,3,fable,3.95,20
agreement,3,original,3.45,20
agreement,4,fable,4.25,20
agreement,4,original,4.0,20
agreement,5,fable,3.0,20
agreement,5,original,2.65,20
agreement,6,fable,3.95,20
agreement,6,original,3.3,20
agreement,7,fable,3.05,20
agreement,7,original,3.65,20
agreement,8,fable,3.5,20
agreement,8,original,3.85,20
agreement,9,fable,3.7,20
agreement,9,original,4.5,20
agreement,10,fable,3.8,20
agreement,10,original,3.9,20
agreement,11,fable,3.2,20
agreement,11,original,3.1,20
agreement,12,fable,3.2,20
agreement,12,original,3.25,20
agreement,13,fable,3.7,20
agreement,13,original,3.7,20
agreement,14,fable,3.65,20
agreement,14,original,3.3,20
agreement,15,fable,3.35,20
agreement,15,original,3.0,20
agreement,16,fable,3.35,20
agreement,16,original,3.15,20
agreement,17,fable,3.75,20
agreement,17,original,4.0,20
agreement,18,fable,3.3,20
agreement,18,original,2.95,20
agreement,19,fable,3.15,20
agreement,19,original,3.45,20
agreement,20,fable,3.8,20
agreement,20,original,3.2,20
consensus,1,fable,5.05,20
consensus,1,original,4.3,20
consensus,2,fable,3.9,20
consensus,2,original,4.0,20
consensus,3,fable,4.6,20
consensus,3,original,4.35,20
consensus,4,fable,4.1,20
consensus,4,original,4.6,20
consensus,5,fable,3.55,20
consensus,5,original,3.75,20
consensus,6,fable,4.25,20
consensus,6,original,3.75,20
consensus,7,fable,3.0,20
consensus,7,original,3.1,20
consensus,8,fable,3.7,20
consensus,8,original,3.2,20
consensus,9,fable,4.05,20
consensus,9,original,3.95,20
consensus,10,fable,4.4,20
consensus,10,original,3.55,20
consensus,11,fable,3.8,20
consensus,11,original,3.6,20
consensus,12,fable,3.05,20
consensus,12,original,3.55,20
consensus,13,fable,3.7,20
consensus,13,original,3.75,20
consensus,14,fable,2.95,20
consensus,14,original,3.75,20
consensus,15,fable,3.35,20
consensus,15,original,3.85,20
consensus,16,fable,3.85,20
consensus,16,original,3.8,20
consensus,17,fable,4.25,20
consensus,17,original,4.0,20
consensus,18,fable,2.7,20
consensus,18,original,3.25,20
consensus,19,fable,3.05,20
consensus,19,original,2.9,20
consensus,20,fable,3.25,20
consensus,20,original,2.9,20
ethical,1,fable,5.15,20
ethical,1,original,5.2,20
ethical,2,fable,4.25,20
ethical,2,original,4.0,20
ethical,3,fable,4.25,20
ethical,3,original,4.7,20
ethical,4,fable,4.15,20
ethical,4,original,4.9,20
ethical,5,fable,3.6,20
ethical,5,original,3.1,20
ethical,6,fable,4.3,20
ethical,6,original,4.05,20
ethical,7,fable,3.35,20
ethical,7,original,2.35,20
ethical,8,fable,3.4,20
ethical,8,original,3.35,20
ethical,9,fable,4.35,20
ethical,9,original,4.65,20
ethical,10,fable,4.15,20
ethical,10,original,3.95,20
ethical,11,fable,3.3,20
ethical,11,original,3.1,20
ethical,12,fable,3.15,20
ethical,12,original,3.9,20
ethical,13,fable,4.2,20
ethical,13,original,3.85,20
ethical,14,fable,3.5,20
ethical,14,original,3.85,20
ethical,15,fable,3.3,20
ethical,15,original,3.75,20
ethical,16,fable,3.4,20
ethical,16,original,3.55,20
ethical,17,fable,4.05,20
ethical,17,original,4.1,20
ethical,18,fable,3.55,20
ethical,18,original,2.9,20
ethical,19,fable,2.45,20
ethical,19,original,2.6,20
ethical,20,fable,3.1,20
ethical,20,original,2.85,20
