Passage,Genre,Chat #,Position,Question Type,Rating
1,Original,1,Unanchored,Care,6
1,Original,1,Unanchored,Fairness,6
1,Original,1,Unanchored,Loyalty,6
1,Original,1,Unanchored,Authority,6
1,Original,1,Unanchored,Purity,6
1,Original,1,Anchored,Verdict,6
1,Original,2,Unanchored,Verdict,6
1,Original,2,Anchored,Care,6
1,Original,2,Anchored,Fairness,6
1,Original,2,Anchored,Loyalty,6
1,Original,2,Anchored,Authority,6
1,Original,2,Anchored,Purity,6
1,Fable,3,Unanchored,Care,6
1,Fable,3,Unanchored,Fairness,6
1,Fable,3,Unanchored,Loyalty,6
1,Fable,3,Unanchored,Authority,5
1,Fable,3,Unanchored,Purity,6
1,Fable,3,Anchored,Verdict,6
1,Fable,4,Unanchored,Verdict,6
1,Fable,4,Anchored,Care,6
1,Fable,4,Anchored,Fairness,6
1,Fable,4,Anchored,Loyalty,6
1,Fable,4,Anchored,Authority,6
1,Fable,4,Anchored,Purity,6
2,Original,5,Unanchored,Care,4
2,Original,5,Unanchored,Fairness,5
2,Original,5,Unanchored,Loyalty,5
2,Original,5,Unanchored,Authority,6
2,Original,5,Unanchored,Purity,6
2,Original,5,Anchored,Verdict,4
2,Original,6,Unanchored,Verdict,4
2,Original,6,Anchored,Care,3
2,Original,6,Anchored,Fairness,4
2,Original,6,Anchored,Loyalty,5
2,Original,6,Anchored,Authority,5
2,Original,6,Anchored,Purity,6
2,Fable,7,Unanchored,Care,3
2,Fable,7,Unanchored,Fairness,4
2,Fable,7,Unanchored,Loyalty,5
2,Fable,7,Unanchored,Authority,6
2,Fable,7,Unanchored,Purity,6
2,Fable,7,Anchored,Verdict,4
2,Fable,8,Unanchored,Verdict,5
2,Fable,8,Anchored,Care,4
2,Fable,8,Anchored,Fairness,5
2,Fable,8,Anchored,Loyalty,5
2,Fable,8,Anchored,Authority,5
2,Fable,8,Anchored,Purity,6
3,Original,9,Unanchored,Care,6
3,Original,9,Unanchored,Fairness,5
3,Original,9,Unanchored,Loyalty,4
3,Original,9,Unanchored,Authority,5
3,Original,9,Unanchored,Purity,6
3,Original,9,Anchored,Verdict,5
3,Original,10,Unanchored,Verdict,5
3,Original,10,Anchored,Care,6
3,Original,10,Anchored,Fairness,5
3,Original,10,Anchored,Loyalty,4
3,Original,10,Anchored,Authority,5
3,Original,10,Anchored,Purity,5
3,Fable,11,Unanchored,Care,6
3,Fable,11,Unanchored,Fairness,6
3,Fable,11,Unanchored,Loyalty,4
3,Fable,11,Unanchored,Authority,5
3,Fable,11,Unanchored,Purity,6
3,Fable,11,Anchored,Verdict,6
3,Fable,12,Unanchored,Verdict,4
3,Fable,12,Anchored,Care,6
3,Fable,12,Anchored,Fairness,5
3,Fable,12,Anchored,Loyalty,3
3,Fable,12,Anchored,Authority,5
3,Fable,12,Anchored,Purity,5
4,Original,13,Unanchored,Care,6
4,Original,13,Unanchored,Fairness,5
4,Original,13,Unanchored,Loyalty,6
4,Original,13,Unanchored,Authority,6
4,Original,13,Unanchored,Purity,6
4,Original,13,Anchored,Verdict,5
4,Original,14,Unanchored,Verdict,5
4,Original,14,Anchored,Care,6
4,Original,14,Anchored,Fairness,5
4,Original,14,Anchored,Loyalty,6
4,Original,14,Anchored,Authority,6
4,Original,14,Anchored,Purity,6
4,Fable,15,Unanchored,Care,6
4,Fable,15,Unanchored,Fairness,6
4,Fable,15,Unanchored,Loyalty,6
4,Fable,15,Unanchored,Authority,6
4,Fable,15,Unanchored,Purity,6
4,Fable,15,Anchored,Verdict,6
4,Fable,16,Unanchored,Verdict,6
4,Fable,16,Anchored,Care,6
4,Fable,16,Anchored,Fairness,6
4,Fable,16,Anchored,Loyalty,6
4,Fable,16,Anchored,Authority,6
4,Fable,16,Anchored,Purity,6
5,Original,17,Unanchored,Care,5
5,Original,17,Unanchored,Fairness,2
5,Original,17,Unanchored,Loyalty,6
5,Original,17,Unanchored,Authority,6
5,Original,17,Unanchored,Purity,5
5,Original,17,Anchored,Verdict,3
5,Original,18,Unanchored,Verdict,3
5,Original,18,Anchored,Care,4
5,Original,18,Anchored,Fairness,2
5,Original,18,Anchored,Loyalty,6
5,Original,18,Anchored,Authority,6
5,Original,18,Anchored,Purity,4
5,Fable,19,Unanchored,Care,5
5,Fable,19,Unanchored,Fairness,3
5,Fable,19,Unanchored,Loyalty,6
5,Fable,19,Unanchored,Authority,6
5,Fable,19,Unanchored,Purity,5
5,Fable,19,Anchored,Verdict,4
5,Fable,20,Unanchored,Verdict,3
5,Fable,20,Anchored,Care,5
5,Fable,20,Anchored,Fairness,2
5,Fable,20,Anchored,Loyalty,6
5,Fable,20,Anchored,Authority,6
5,Fable,20,Anchored,Purity,5
6,Original,21,Unanchored,Care,4
6,Original,21,Unanchored,Fairness,2
6,Original,21,Unanchored,Loyalty,6
6,Original,21,Unanchored,Authority,6
6,Original,21,Unanchored,Purity,4
6,Original,21,Anchored,Verdict,3
6,Original,22,Unanchored,Verdict,2
6,Original,22,Anchored,Care,4
6,Original,22,Anchored,Fairness,2
6,Original,22,Anchored,Loyalty,5
6,Original,22,Anchored,Authority,6
6,Original,22,Anchored,Purity,4
6,Fable,23,Unanchored,Care,4
6,Fable,23,Unanchored,Fairness,2
6,Fable,23,Unanchored,Loyalty,5
6,Fable,23,Unanchored,Authority,6
6,Fable,23,Unanchored,Purity,5
6,Fable,23,Anchored,Verdict,3
6,Fable,24,Unanchored,Verdict,3
6,Fable,24,Anchored,Care,4
6,Fable,24,Anchored,Fairness,2
6,Fable,24,Anchored,Loyalty,5
6,Fable,24,Anchored,Authority,6
6,Fable,24,Anchored,Purity,5
7,Original,25,Unanchored,Care,2
7,Original,25,Unanchored,Fairness,3
7,Original,25,Unanchored,Loyalty,5
7,Original,25,Unanchored,Authority,6
7,Original,25,Unanchored,Purity,5
7,Original,25,Anchored,Verdict,3
7,Original,26,Unanchored,Verdict,3
7,Original,26,Anchored,Care,2
7,Original,26,Anchored,Fairness,3
7,Original,26,Anchored,Loyalty,5
7,Original,26,Anchored,Authority,6
7,Original,26,Anchored,Purity,4
7,Fable,27,Unanchored,Care,2
7,Fable,27,Unanchored,Fairness,5
7,Fable,27,Unanchored,Loyalty,6
7,Fable,27,Unanchored,Authority,6
7,Fable,27,Unanchored,Purity,3
7,Fable,27,Anchored,Verdict,3
7,Fable,28,Unanchored,Verdict,4
7,Fable,28,Anchored,Care,2
7,Fable,28,Anchored,Fairness,4
7,Fable,28,Anchored,Loyalty,6
7,Fable,28,Anchored,Authority,6
7,Fable,28,Anchored,Purity,3
8,Original,29,Unanchored,Care,4
8,Original,29,Unanchored,Fairness,4
8,Original,29,Unanchored,Loyalty,5
8,Original,29,Unanchored,Authority,5
8,Original,29,Unanchored,Purity,4
8,Original,29,Anchored,Verdict,4
8,Original,30,Unanchored,Verdict,4
8,Original,30,Anchored,Care,4
8,Original,30,Anchored,Fairness,4
8,Original,30,Anchored,Loyalty,5
8,Original,30,Anchored,Authority,5
8,Original,30,Anchored,Purity,4
8,Fable,31,Unanchored,Care,5
8,Fable,31,Unanchored,Fairness,4
8,Fable,31,Unanchored,Loyalty,5
8,Fable,31,Unanchored,Authority,5
8,Fable,31,Unanchored,Purity,5
8,Fable,31,Anchored,Verdict,4
8,Fable,32,Unanchored,Verdict,4
8,Fable,32,Anchored,Care,3
8,Fable,32,Anchored,Fairness,3
8,Fable,32,Anchored,Loyalty,5
8,Fable,32,Anchored,Authority,5
8,Fable,32,Anchored,Purity,4
9,Original,33,Unanchored,Care,5
9,Original,33,Unanchored,Fairness,6
9,Original,33,Unanchored,Loyalty,5
9,Original,33,Unanchored,Authority,6
9,Original,33,Unanchored,Purity,6
9,Original,33,Anchored,Verdict,5
9,Original,34,Unanchored,Verdict,5
9,Original,34,Anchored,Care,5
9,Original,34,Anchored,Fairness,5
9,Original,34,Anchored,Loyalty,5
9,Original,34,Anchored,Authority,5
9,Original,34,Anchored,Purity,5
9,Fable,35,Unanchored,Care,5
9,Fable,35,Unanchored,Fairness,6
9,Fable,35,Unanchored,Loyalty,4
9,Fable,35,Unanchored,Authority,6
9,Fable,35,Unanchored,Purity,6
9,Fable,35,Anchored,Verdict,6
9,Fable,36,Unanchored,Verdict,5
9,Fable,36,Anchored,Care,5
9,Fable,36,Anchored,Fairness,6
9,Fable,36,Anchored,Loyalty,5
9,Fable,36,Anchored,Authority,6
9,Fable,36,Anchored,Purity,6
10,Original,37,Unanchored,Care,2
10,Original,37,Unanchored,Fairness,4
10,Original,37,Unanchored,Loyalty,6
10,Original,37,Unanchored,Authority,5
10,Original,37,Unanchored,Purity,5
10,Original,37,Anchored,Verdict,3
10,Original,38,Unanchored,Verdict,3
10,Original,38,Anchored,Care,2
10,Original,38,Anchored,Fairness,3
10,Original,38,Anchored,Loyalty,5
10,Original,38,Anchored,Authority,5
10,Original,38,Anchored,Purity,4
10,Fable,39,Unanchored,Care,3
10,Fable,39,Unanchored,Fairness,5
10,Fable,39,Unanchored,Loyalty,6
10,Fable,39,Unanchored,Authority,6
10,Fable,39,Unanchored,Purity,6
10,Fable,39,Anchored,Verdict,5
10,Fable,40,Unanchored,Verdict,5
10,Fable,40,Anchored,Care,4
10,Fable,40,Anchored,Fairness,5
10,Fable,40,Anchored,Loyalty,6
10,Fable,40,Anchored,Authority,6
10,Fable,40,Anchored,Purity,6
11,Original,41,Unanchored,Care,5
11,Original,41,Unanchored,Fairness,4
11,Original,41,Unanchored,Loyalty,5
11,Original,41,Unanchored,Authority,6
11,Original,41,Unanchored,Purity,3
11,Original,41,Anchored,Verdict,4
11,Original,42,Unanchored,Verdict,4
11,Original,42,Anchored,Care,4
11,Original,42,Anchored,Fairness,4
11,Original,42,Anchored,Loyalty,4
11,Original,42,Anchored,Authority,5
11,Original,42,Anchored,Purity,3
11,Fable,43,Unanchored,Care,5
11,Fable,43,Unanchored,Fairness,4
11,Fable,43,Unanchored,Loyalty,3
11,Fable,43,Unanchored,Authority,3
11,Fable,43,Unanchored,Purity,2
11,Fable,43,Anchored,Verdict,3
11,Fable,44,Unanchored,Verdict,5
11,Fable,44,Anchored,Care,5
11,Fable,44,Anchored,Fairness,5
11,Fable,44,Anchored,Loyalty,4
11,Fable,44,Anchored,Authority,4
11,Fable,44,Anchored,Purity,3
12,Original,45,Unanchored,Care,6
12,Original,45,Unanchored,Fairness,5
12,Original,45,Unanchored,Loyalty,6
12,Original,45,Unanchored,Authority,6
12,Original,45,Unanchored,Purity,5
12,Original,45,Anchored,Verdict,5
12,Original,46,Unanchored,Verdict,5
12,Original,46,Anchored,Care,5
12,Original,46,Anchored,Fairness,5
12,Original,46,Anchored,Loyalty,6
12,Original,46,Anchored,Authority,6
12,Original,46,Anchored,Purity,5
12,Fable,47,Unanchored,Care,6
12,Fable,47,Unanchored,Fairness,5
12,Fable,47,Unanchored,Loyalty,3
12,Fable,47,Unanchored,Authority,6
12,Fable,47,Unanchored,Purity,4
12,Fable,47,Anchored,Verdict,5
12,Fable,48,Unanchored,Verdict,6
12,Fable,48,Anchored,Care,5
12,Fable,48,Anchored,Fairness,4
12,Fable,48,Anchored,Loyalty,3
12,Fable,48,Anchored,Authority,5
12,Fable,48,Anchored,Purity,4
13,Original,49,Unanchored,Care,6
13,Original,49,Unanchored,Fairness,4
13,Original,49,Unanchored,Loyalty,3
13,Original,49,Unanchored,Authority,4
13,Original,49,Unanchored,Purity,5
13,Original,49,Anchored,Verdict,5
13,Original,50,Unanchored,Verdict,5
13,Original,50,Anchored,Care,6
13,Original,50,Anchored,Fairness,4
13,Original,50,Anchored,Loyalty,3
13,Original,50,Anchored,Authority,4
13,Original,50,Anchored,Purity,6
13,Fable,51,Unanchored,Care,5
13,Fable,51,Unanchored,Fairness,4
13,Fable,51,Unanchored,Loyalty,3
13,Fable,51,Unanchored,Authority,4
13,Fable,51,Unanchored,Purity,5
13,Fable,51,Anchored,Verdict,5
13,Fable,52,Unanchored,Verdict,5
13,Fable,52,Anchored,Care,5
13,Fable,52,Anchored,Fairness,4
13,Fable,52,Anchored,Loyalty,4
13,Fable,52,Anchored,Authority,5
13,Fable,52,Anchored,Purity,5
14,Original,53,Unanchored,Care,2
14,Original,53,Unanchored,Fairness,2
14,Original,53,Unanchored,Loyalty,1
14,Original,53,Unanchored,Authority,2
14,Original,53,Unanchored,Purity,3
14,Original,53,Anchored,Verdict,2
14,Original,54,Unanchored,Verdict,2
14,Original,54,Anchored,Care,2
14,Original,54,Anchored,Fairness,2
14,Original,54,Anchored,Loyalty,1
14,Original,54,Anchored,Authority,3
14,Original,54,Anchored,Purity,3
14,Fable,55,Unanchored,Care,3
14,Fable,55,Unanchored,Fairness,4
14,Fable,55,Unanchored,Loyalty,1
14,Fable,55,Unanchored,Authority,4
14,Fable,55,Unanchored,Purity,3
14,Fable,55,Anchored,Verdict,3
14,Fable,56,Unanchored,Verdict,3
14,Fable,56,Anchored,Care,2
14,Fable,56,Anchored,Fairness,4
14,Fable,56,Anchored,Loyalty,1
14,Fable,56,Anchored,Authority,4
14,Fable,56,Anchored,Purity,3
15,Original,57,Unanchored,Care,5
15,Original,57,Unanchored,Fairness,4
15,Original,57,Unanchored,Loyalty,2
15,Original,57,Unanchored,Authority,4
15,Original,57,Unanchored,Purity,4
15,Original,57,Anchored,Verdict,3
15,Original,58,Unanchored,Verdict,4
15,Original,58,Anchored,Care,4
15,Original,58,Anchored,Fairness,3
15,Original,58,Anchored,Loyalty,2
15,Original,58,Anchored,Authority,4
15,Original,58,Anchored,Purity,4
15,Fable,59,Unanchored,Care,4
15,Fable,59,Unanchored,Fairness,4
15,Fable,59,Unanchored,Loyalty,3
15,Fable,59,Unanchored,Authority,4
15,Fable,59,Unanchored,Purity,3
15,Fable,59,Anchored,Verdict,3
15,Fable,60,Unanchored,Verdict,3
15,Fable,60,Anchored,Care,4
15,Fable,60,Anchored,Fairness,4
15,Fable,60,Anchored,Loyalty,2
15,Fable,60,Anchored,Authority,4
15,Fable,60,Anchored,Purity,3
16,Original,61,Unanchored,Care,2
16,Original,61,Unanchored,Fairness,3
16,Original,61,Unanchored,Loyalty,6
16,Original,61,Unanchored,Authority,6
16,Original,61,Unanchored,Purity,4
16,Original,61,Anchored,Verdict,3
16,Original,62,Unanchored,Verdict,4
16,Original,62,Anchored,Care,2
16,Original,62,Anchored,Fairness,4
16,Original,62,Anchored,Loyalty,5
16,Original,62,Anchored,Authority,6
16,Original,62,Anchored,Purity,4
16,Fable,63,Unanchored,Care,3
16,Fable,63,Unanchored,Fairness,4
16,Fable,63,Unanchored,Loyalty,6
16,Fable,63,Unanchored,Authority,6
16,Fable,63,Unanchored,Purity,5
16,Fable,63,Anchored,Verdict,4
16,Fable,64,Unanchored,Verdict,4
16,Fable,64,Anchored,Care,3
16,Fable,64,Anchored,Fairness,4
16,Fable,64,Anchored,Loyalty,6
16,Fable,64,Anchored,Authority,6
16,Fable,64,Anchored,Purity,5
17,Original,65,Unanchored,Care,6
17,Original,65,Unanchored,Fairness,5
17,Original,65,Unanchored,Loyalty,5
17,Original,65,Unanchored,Authority,6
17,Original,65,Unanchored,Purity,5
17,Original,65,Anchored,Verdict,5
17,Original,66,Unanchored,Verdict,5
17,Original,66,Anchored,Care,6
17,Original,66,Anchored,Fairness,4
17,Original,66,Anchored,Loyalty,5
17,Original,66,Anchored,Authority,6
17,Original,66,Anchored,Purity,5
17,Fable,67,Unanchored,Care,4
17,Fable,67,Unanchored,Fairness,3
17,Fable,67,Unanchored,Loyalty,5
17,Fable,67,Unanchored,Authority,6
17,Fable,67,Unanchored,Purity,4
17,Fable,67,Anchored,Verdict,4
17,Fable,68,Unanchored,Verdict,4
17,Fable,68,Anchored,Care,4
17,Fable,68,Anchored,Fairness,3
17,Fable,68,Anchored,Loyalty,5
17,Fable,68,Anchored,Authority,5
17,Fable,68,Anchored,Purity,4
18,Original,69,Unanchored,Care,4
18,Original,69,Unanchored,Fairness,2
18,Original,69,Unanchored,Loyalty,6
18,Original,69,Unanchored,Authority,6
18,Original,69,Unanchored,Purity,6
18,Original,69,Anchored,Verdict,3
18,Original,70,Unanchored,Verdict,4
18,Original,70,Anchored,Care,3
18,Original,70,Anchored,Fairness,2
18,Original,70,Anchored,Loyalty,5
18,Original,70,Anchored,Authority,6
18,Original,70,Anchored,Purity,6
18,Fable,71,Unanchored,Care,4
18,Fable,71,Unanchored,Fairness,3
18,Fable,71,Unanchored,Loyalty,6
18,Fable,71,Unanchored,Authority,6
18,Fable,71,Unanchored,Purity,6
18,Fable,71,Anchored,Verdict,3
18,Fable,72,Unanchored,Verdict,3
18,Fable,72,Anchored,Care,3
18,Fable,72,Anchored,Fairness,2
18,Fable,72,Anchored,Loyalty,6
18,Fable,72,Anchored,Authority,6
18,Fable,72,Anchored,Purity,6
19,Original,73,Unanchored,Care,1
19,Original,73,Unanchored,Fairness,1
19,Original,73,Unanchored,Loyalty,6
19,Original,73,Unanchored,Authority,6
19,Original,73,Unanchored,Purity,3
19,Original,73,Anchored,Verdict,2
19,Original,74,Unanchored,Verdict,2
19,Original,74,Anchored,Care,1
19,Original,74,Anchored,Fairness,2
19,Original,74,Anchored,Loyalty,5
19,Original,74,Anchored,Authority,4
19,Original,74,Anchored,Purity,3
19,Fable,75,Unanchored,Care,1
19,Fable,75,Unanchored,Fairness,1
19,Fable,75,Unanchored,Loyalty,6
19,Fable,75,Unanchored,Authority,5
19,Fable,75,Unanchored,Purity,3
19,Fable,75,Anchored,Verdict,1
19,Fable,76,Unanchored,Verdict,2
19,Fable,76,Anchored,Care,2
19,Fable,76,Anchored,Fairness,2
19,Fable,76,Anchored,Loyalty,5
19,Fable,76,Anchored,Authority,4
19,Fable,76,Anchored,Purity,3
20,Original,77,Unanchored,Care,2
20,Original,77,Unanchored,Fairness,2
20,Original,77,Unanchored,Loyalty,2
20,Original,77,Unanchored,Authority,4
20,Original,77,Unanchored,Purity,3
20,Original,77,Anchored,Verdict,2
20,Original,78,Unanchored,Verdict,2
20,Original,78,Anchored,Care,2
20,Original,78,Anchored,Fairness,2
20,Original,78,Anchored,Loyalty,4
20,Original,78,Anchored,Authority,3
20,Original,78,Anchored,Purity,3
20,Fable,79,Unanchored,Care,1
20,Fable,79,Unanchored,Fairness,2
20,Fable,79,Unanchored,Loyalty,2
20,Fable,79,Unanchored,Authority,4
20,Fable,79,Unanchored,Purity,3
20,Fable,79,Anchored,Verdict,2
20,Fable,80,Unanchored,Verdict,2
20,Fable,80,Anchored,Care,2
20,Fable,80,Anchored,Fairness,2
20,Fable,80,Anchored,Loyalty,1
20,Fable,80,Anchored,Authority,3
20,Fable,80,Anchored,Purity,3